{
  "options": {
    "summaryTimeUnit": "",
    "noColor": false,
    "summaryTrendStats": [
      "avg",
      "min",
      "med",
      "max",
      "p(90)",
      "p(95)"
    ]
  },
  "state": {
    "testRunDurationMs": 43171.169381,
    "isStdOutTTY": true,
    "isStdErrTTY": true
  },
  "metrics": {
    "data_sent": {
      "type": "counter",
      "contains": "data",
      "values": {
        "count": 86920,
        "rate": 2013.3807178791465
      }
    },
    "http_req_sending": {
      "type": "trend",
      "contains": "time",
      "values": {
        "max": 0.513633,
        "p(90)": 0.025162300000000002,
        "p(95)": 0.04151394999999989,
        "avg": 0.013906413636363638,
        "min": 0.002029,
        "med": 0.007549500000000001
      }
    },
    "http_req_blocked": {
      "type": "trend",
      "contains": "time",
      "values": {
        "med": 0.0023775000000000003,
        "max": 0.181785,
        "p(90)": 0.0049154,
        "p(95)": 0.006566199999999971,
        "avg": 0.006120970454545455,
        "min": 0.000631
      }
    },
    "http_req_waiting": {
      "type": "trend",
      "contains": "time",
      "values": {
        "p(95)": 0.7530618499999999,
        "avg": 0.370979902272727,
        "min": 0.097663,
        "med": 0.3296175,
        "max": 1.118637,
        "p(90)": 0.6442973000000001
      }
    },
    "http_req_receiving": {
      "contains": "time",
      "values": {
        "avg": 0.020372584090909095,
        "min": 0.003404,
        "med": 0.016014,
        "max": 0.177425,
        "p(90)": 0.031243500000000004,
        "p(95)": 0.046996399999999994
      },
      "type": "trend"
    },
    "http_req_duration": {
      "values": {
        "avg": 0.40525890000000014,
        "min": 0.129753,
        "med": 0.356629,
        "max": 1.192066,
        "p(90)": 0.7082820000000001,
        "p(95)": 0.8013616999999998
      },
      "thresholds": {
        "p(95)<500": {
          "ok": true
        }
      },
      "type": "trend",
      "contains": "time"
    },
    "http_req_failed": {
      "values": {
        "fails": 406,
        "rate": 0.07727272727272727,
        "passes": 34
      },
      "thresholds": {
        "rate<0.01": {
          "ok": false
        }
      },
      "type": "rate",
      "contains": "default"
    },
    "http_req_tls_handshaking": {
      "type": "trend",
      "contains": "time",
      "values": {
        "avg": 0,
        "min": 0,
        "med": 0,
        "max": 0,
        "p(90)": 0,
        "p(95)": 0
      }
    },
    "http_req_duration{expected_response:true}": {
      "type": "trend",
      "contains": "time",
      "values": {
        "avg": 0.3937994950738917,
        "min": 0.129753,
        "med": 0.3470715,
        "max": 1.192066,
        "p(90)": 0.6940595,
        "p(95)": 0.769497
      }
    },
    "http_reqs": {
      "type": "counter",
      "contains": "default",
      "values": {
        "count": 440,
        "rate": 10.191987067036637
      }
    },
    "vus": {
      "contains": "default",
      "values": {
        "value": 10,
        "min": 10,
        "max": 10
      },
      "type": "gauge"
    },
    "iteration_duration": {
      "type": "trend",
      "contains": "time",
      "values": {
        "avg": 1001.1818045069765,
        "min": 1000.391132,
        "med": 1001.2002595,
        "max": 1002.307074,
        "p(90)": 1001.6542076000001,
        "p(95)": 1001.8085610500001
      }
    },
    "iterations": {
      "type": "counter",
      "contains": "default",
      "values": {
        "count": 430,
        "rate": 9.960350997331258
      }
    },
    "failed_pushes": {
      "type": "counter",
      "contains": "default",
      "values": {
        "count": 34,
        "rate": 0.7875626369982855
      }
    },
    "successful_pushes": {
      "type": "counter",
      "contains": "default",
      "values": {
        "count": 406,
        "rate": 9.40442443003835
      }
    },
    "vus_max": {
      "type": "gauge",
      "contains": "default",
      "values": {
        "value": 10,
        "min": 10,
        "max": 10
      }
    },
    "checks": {
      "values": {
        "rate": 0.9227272727272727,
        "passes": 406,
        "fails": 34
      },
      "type": "rate",
      "contains": "default"
    },
    "http_req_connecting": {
      "type": "trend",
      "contains": "time",
      "values": {
        "p(90)": 0,
        "p(95)": 0,
        "avg": 0.0018460340909090909,
        "min": 0,
        "med": 0,
        "max": 0.103691
      }
    },
    "data_received": {
      "values": {
        "count": 57278,
        "rate": 1326.7650800584647
      },
      "type": "counter",
      "contains": "data"
    }
  },
  "root_group": {
    "name": "",
    "path": "",
    "id": "d41d8cd98f00b204e9800998ecf8427e",
    "groups": [],
    "checks": [
        {
          "name": "status is 200",
          "path": "::status is 200",
          "id": "6210a8cd14cd70477eba5c5e4cb3fb5f",
          "passes": 406,
          "fails": 34
        }
      ]
  }
}